title,url,discounted_price,original_price
"YOTAPHONE 2 Dual Screen 5"" AMOLED FHD MSM8974 Quad-core 4G Phone P05-YOTAP",https://web.archive.org/web/20161123022544/http:/www.tinydeal.com/yotaphone-2-dual-screen-5-amoled-fhd-msm8974-quad-core-4g-phone-p-161237.html,$128.99,$499.00 
5 Second Fix Liquid Plastic Welding Kit HHI-516316,https://web.archive.org/web/20161123022544/http:/www.tinydeal.com/5-second-fix-liquid-plastic-welding-kit-p-160671.html,$3.43,$5.89 
"LENOVO A806 5"" IPS HD MTK6592 Octa-core Android 4.4 4G LTE Phone P05-A806",https://web.archive.org/web/20161123022544/http:/www.tinydeal.com/lenovo-a806-5-ips-hd-mtk6592-octa-core-android-44-4g-lte-phone-p-139638.html,$89.99,$229.98 
CREE XM-L T6 1-LED 3800LM 5 Modes Zoom LED Flashlight STH-485135,https://web.archive.org/web/20161123022544/http:/www.tinydeal.com/cree-xm-l-t6-1-led-3800lm-5-modes-zoom-led-flashlight-p-156642.html,$6.41,$12.77 
"LENOVO VIBE SHOT 5.0"" FHD MSM8939 Octa-core Android 6.0 4G LTE Phone P086-VBSHOT",https://web.archive.org/web/20161123022544/http:/www.tinydeal.com/lenovo-vibe-shot-50-fhd-msm8939-octa-core-android-60-4g-lte-phone-p-158985.html,,
"LENOVO A806 5"" IPS HD MTK6592 Octa-core Android 4.4 4G LTE Phone P07-A806",https://web.archive.org/web/20161123022544/http:/www.tinydeal.com/lenovo-a806-5-ips-hd-mtk6592-octa-core-android-44-4g-lte-phone-p-153243.html,$92.99,$229.98 
Xiaomi Miband 2 Mi Band Touch Key Screen Heart Rate Monitor E-512266,https://web.archive.org/web/20161123022544/http:/www.tinydeal.com/xiaomi-miband-2-mi-band-touch-key-screen-heart-rate-monitor-p-159061.html,$27.99,$58.97 
"SJ4000 Mini Sport Camera 1.5"" 1080P 12MP 140° Waterproof E-517389",https://web.archive.org/web/20161123022544/http:/www.tinydeal.com/sj4000-mini-sport-camera-15-1080p-12mp-140°-waterproof-p-160648.html,$21.99,$48.15 
Standard 1M Magnetic Charge Cable + Detachable Micro USB Metal Plug EPACB-487297,https://web.archive.org/web/20161123022544/http:/www.tinydeal.com/standard-1m-magnetic-charge-cable-detachable-micro-usb-metal-plug-p-156704.html,$2.67,$6.67 
Original Xiaomi USB Type-C to Micro USB Adapter f Smartphone EPACB-483246,https://web.archive.org/web/20161123022544/http:/www.tinydeal.com/original-xiaomi-usb-type-to-micro-usb-adapter-p-156512.html,$1.48,$4.60 
DOOGEE X5 MAX PRO 4000mAh Quad-core MTK6737 Android 6.0 4G Phone P05-X5MAXP,https://web.archive.org/web/20161123022544/http:/www.tinydeal.com/doogee-x5-max-pro-4000mah-quad-core-mtk6737-android-60-4g-phone-p-160247.html,$88.99,$186.99 
SAMSUNG 32GB EVO Class 10 Micro SDHC Memory Card ATF-136011,https://web.archive.org/web/20161123022544/http:/www.tinydeal.com/samsung-32gb-evo-class-10-micro-sdhc-memory-card-p-75176.html,$13.06,$25.94 
XIAOMI REDMI NOTE4 PRO 3GB RAM MTK6797 Deca-core Android 6.0 4G Phone P03-HMNO4G,https://web.archive.org/web/20161123022544/http:/www.tinydeal.com/xiaomi-redmi-note4-pro-3gb-ram-mtk6797-deca-core-android-60-4g-phone-p-161395.html,$203.99,$429.99 
XIAOMI REDMI NOTE 4 PRO 3GB RAM 64GB ROM MTK6797Android 6.0 4G Phone P086-HMNO4G,https://web.archive.org/web/20161123022544/http:/www.tinydeal.com/xiaomi-redmi-note-4-pro-3gb-ram-64gb-rom-mtk6797android-60-4g-phone-p-161399.html,$209.99,$429.99 
"LENOVO VIBE SHOT 5.0"" FHD MSM8939 Octa-core Android 6.0 4G LTE Phone P07-VBSHOT",https://web.archive.org/web/20161123022544/http:/www.tinydeal.com/lenovo-vibe-shot-50-fhd-msm8939-octa-core-android-60-4g-lte-phone-p-158984.html,$209.99,$268.99 
"HUAWEI Honor X2 7"" Android 5.0 Kirin 930 3GB 16GB 4G Phablet ETC-383283",https://web.archive.org/web/20161123022544/http:/www.tinydeal.com/huawei-honor-x2-7-android-50-kirin-930-3gb-16gb-4g-phablet-p-147167.html,$219.99,$305.73 
"CUBOT MAX 6.0"" HD MTK6753A Octa-core 64-bit Android 6.0 4G Phone P05-CUMAX",https://web.archive.org/web/20161123022544/http:/www.tinydeal.com/cubot-max-60-hd-mtk6753a-octa-core-64-bit-android-60-4g-phone-p-161096.html,$132.99,$286.99 
8 Colors LED Toilet Motion Activated Toilet Nightlight HHI-518555,https://web.archive.org/web/20161123022544/http:/www.tinydeal.com/8-colors-led-toilet-motion-activated-toilet-nightlight-p-161119.html,$5.95,$11.99 
Simple Package Xiaomi Mi Band 2 Screen Call Reminder Activity Trackers E-518538,https://web.archive.org/web/20161123022544/http:/www.tinydeal.com/simple-package-xiaomi-mi-band-2-screen-call-reminder-activity-trackers-p-161120.html,$25.99,$57.98 
720P IP WiFi Camera P2P PTZ ONVIF Security Camera w/ Motion Detection SCM-520819,https://web.archive.org/web/20161123022544/http:/www.tinydeal.com/720p-ip-wifi-camera-p2p-ptz-onvif-security-camera-w-motion-detection-p-162071.html,$26.99,$62.22 
"OUKITEL K6000 PRO 5.5"" FHD 3GB RAM MTK6753 Android 6.0 4G Phone P07-K6000P",https://web.archive.org/web/20161123022544/http:/www.tinydeal.com/oukitel-k6000-pro-55-fhd-3gb-ram-mtk6753-android-60-4g-phone-p-158897.html,$153.99,$276.99 
"LENOVO A916 5.5"" HD MTK6592 Octa-core Android 4.4 4G 3G Phone P07-A916",https://web.archive.org/web/20161123022544/http:/www.tinydeal.com/lenovo-a916-55-hd-mtk6592-octa-core-4g-lte-phone-p-140349.html,$75.99,$199.98 
"OUKITEL K6000 PRO 5.5"" FHD 3GB RAM MTK6753 Android 6.0 4G Phone P086-K6000P",https://web.archive.org/web/20161123022544/http:/www.tinydeal.com/oukitel-k6000-pro-55-fhd-3gb-ram-mtk6753-android-60-4g-phone-p-158896.html,$149.99,$276.99 
Level 5 Cut Resistant Gloves Stainless Steel Wire Mesh Gloves S-519944,https://web.archive.org/web/20161123022544/http:/www.tinydeal.com/level-5-cut-resistant-gloves-stainless-steel-wire-mesh-gloves-p-161642.html,$4.46,$8.84 
QCY Q26 Super Mini Bluetooth 4.1 Earphone Wireless Music Headset EEP-519015-C9,https://web.archive.org/web/20161123022544/http:/www.tinydeal.com/qcy-q26-super-mini-bluetooth-41-earphone-wireless-music-headset-p-161928.html,$7.94,$19.89 
"BLACKVIEW BV6000 4.7"" HD MTK6755 64-bit Android 6.0 3GB RAM 4G Phone P05-BV6000",https://web.archive.org/web/20161123022544/http:/www.tinydeal.com/blackview-bv6000-47-hd-mtk6755-64-bit-android-60-3gb-ram-4g-phone-p-159167.html,$192.99,$259.98 
Magnet Therapy Posture Corrector Shoulder Back Support Belt HHI-485885,https://web.archive.org/web/20161123022544/http:/www.tinydeal.com/magnet-therapy-posture-corrector-shoulder-back-support-belt-p-156693.html,$2.97,$6.72 
"LEAGOO M5 MTK6580 Quad-core 5.0"" HD Android 6.0 3G Phone 8MP CAM OTG P04-LEAM5",https://web.archive.org/web/20161123022544/http:/www.tinydeal.com/leagoo-m5-mtk6580-quad-core-50-hd-android-60-3g-phone-8mp-cam-otg-p-160495.html,$79.99,$149.99 
Wireless Storage Box WiFi Card Reader for iOS Android Devices E-518439-C3,https://web.archive.org/web/20161123022544/http:/www.tinydeal.com/wireless-storage-box-wifi-card-reader-for-ios-android-devices-p-161965.html,$15.99,$19.45 
USB Аккумуляторная Дуги Электронных Прикуривателя HHIJL-501577,https://web.archive.org/web/20161123022544/http:/www.tinydeal.com/tesla-coil-lighter-usb-rechargeable-arc-electronic-cigarette-lighter-p-157984.html,$7.64,$15.62 
2 in 1 Mosquito Killer Lamp LED Night Light Romantic Sleeping Lamp HHI-515141,https://web.archive.org/web/20161123022544/http:/www.tinydeal.com/2-in-1-mosquito-killer-lamp-led-night-light-romantic-sleeping-lamp-p-159461.html,$2.97,$5.79 
1 x Micro USB Metal Magnetic Plug Backup Connector for Smartphones EPACB-496424,https://web.archive.org/web/20161123022544/http:/www.tinydeal.com/1-x-micro-usb-metal-magnetic-plug-backup-connector-for-smartphones-p-157420.html,$1.18,$2.12 
5 Second Fix Liquid Plastic Welding Kit & Flint Fire Starter Lighter KB-520741,https://web.archive.org/web/20161123022544/http:/www.tinydeal.com/5-second-fix-liquid-plastic-welding-kit-flint-fire-starter-lighter-p-161931.html,$3.95,$6.76 
DOOGEE X5 MAX PRO 4000mAh Quad-core MTK6737 Android 6.0 4G Phone P07-X5MAXP,https://web.archive.org/web/20161123022544/http:/www.tinydeal.com/doogee-x5-max-pro-4000mah-quad-core-mtk6737-android-60-4g-phone-p-160246.html,$88.99,$186.99 
Baseus Infrared Electric Appliance Controller EPATH-516477,https://web.archive.org/web/20161123022544/http:/www.tinydeal.com/baseus-infrared-electric-appliance-controller-p-160252.html,$3.27,$6.89 
"HOMTOM HT16 MTK6580 Quad-core 5"" HD Android 6.0 3G Phone 3000mAh P05-HT16",https://web.archive.org/web/20161123022544/http:/www.tinydeal.com/homtom-ht16-mtk6580-quad-core-5-hd-android-60-3g-phone-3000mah-p-160760.html,$53.99,$69.99 
"ONDA V919 Air CH 9.7"" Win10 Dual OS Z8300 4GB 64GB Tablet PC w/ HDMI ETC-486132",https://web.archive.org/web/20161123022544/http:/www.tinydeal.com/onda-v919-air-ch-97-win10-dual-os-z8300-4gb-64gb-tablet-pc-w-hdmi-p-156659.html,$185.99,$472.99 
Glasses Type 20X Magnifier with White LED Light DJA-493367,https://web.archive.org/web/20161123022544/http:/www.tinydeal.com/glasses-type-20x-magnifier-with-white-led-light-p-157244.html,$4.61,$5.64 
"QCONG METAL 5.5"" FHD MTK6753 Octa-core Android 5.1 4G Phone 3GB RAM P04-QCONG",https://web.archive.org/web/20161123022544/http:/www.tinydeal.com/qcong-metal-55-fhd-mtk6753-octa-core-android-51-4g-phone-3gb-ram-p-162261.html,$119.99,$239.00 
"CUBOT MAX 6.0"" HD MTK6753A Octa-core 64-bit Android 6.0 4G Phone P04-CUMAX",https://web.archive.org/web/20161123022544/http:/www.tinydeal.com/cubot-max-60-hd-mtk6753a-octa-core-64-bit-android-60-4g-phone-p-161097.html,$135.99,$286.99 
"Xiaomi 3D Glasses Virtual Reality Box for 4.7 - 5.7"" Smart Phones E-519649",https://web.archive.org/web/20161123022544/http:/www.tinydeal.com/xiaomi-3d-glasses-virtual-reality-box-for-47-57-smart-phones-p-161563.html,$14.90,$16.43 
10pcs Colorful Rose Flower Plant Seeds TDS-378192,https://web.archive.org/web/20161123022544/http:/www.tinydeal.com/10pcs-colorful-rose-flower-plant-seeds-p-145998.html,$1.10,$2.84 
NEXBOX A95X S905X 2GB+16GB Android6.0 Kodi16.1 BT4.0 4K Android TV Box E-518579,https://web.archive.org/web/20161123022544/http:/www.tinydeal.com/nexbox-a95x-s905x-2gb16gb-android60-kodi161-bt40-4k-android-tv-box-p-161133.html,$55.99,$61.85 
"HOMTOM HT20 MTK6737 Quad-core 4.7"" HD Android 6.0 4G LTE Phone P05-HT20",https://web.archive.org/web/20161123022544/http:/www.tinydeal.com/homtom-ht20-mtk6737-quad-core-47-hd-android-60-4g-lte-phone-p-161353.html,$106.99,$226.99 
XIAOMI REDMI NOTE 4 MTK6797 Deca-core 16GB ROM Android 6.0 4G Phone P03-HMNO4,https://web.archive.org/web/20161123022544/http:/www.tinydeal.com/xiaomi-redmi-note-4-mtk6797-deca-core-16gb-rom-android-60-4g-phone-p-161394.html,$172.99,$278.00 
"ZTE Z7 MAX 5.5"" FHD Snapdragon 801 Quad-core Android 5.1 4G Phone P05-Z7MAX",https://web.archive.org/web/20161123022544/http:/www.tinydeal.com/zte-z7-max-55-fhd-snapdragon-801-quad-core-android-51-4g-phone-p-140762.html,$106.99,$349.99 
"LENOVO ZUK Z2 5.0"" FHD 4GB RAM Snapdragon 820 Android 6.0 4G Phone P05-ZUKZ2",https://web.archive.org/web/20161123022544/http:/www.tinydeal.com/lenovo-zuk-z2-50-fhd-4gb-ram-snapdragon-820-android-60-4g-phone-p-160359.html,$215.99,$298.99 
"HOMTOM HT17 PRO 5.5"" HD MTK6737 Quad-core Android 6.0 4G Phone P05-HT17P",https://web.archive.org/web/20161123022544/http:/www.tinydeal.com/homtom-ht17-pro-55-hd-mtk6737-quad-core-android-60-4g-phone-p-161009.html,$93.99,$119.99 
Upgraded 1m Magnetic Charge Cable + Detachable Micro USB Metal Plug EPACB-492606,https://web.archive.org/web/20161123022544/http:/www.tinydeal.com/upgraded-1m-magnetic-charge-cable-detachable-micro-usb-metal-plug-p-157114.html,$2.79,$6.55 
20 in 1 Stainless Steel Keychain Pocket Survival Emergency Gear S-517385,https://web.archive.org/web/20161123022544/http:/www.tinydeal.com/20-in-1-stainless-steel-keychain-pocket-survival-emergency-gear-p-160681.html,$3.09,$6.77 
50Pcs VTIE Elastic Lazy No-Tie Shoelace Fit All Unisex Sneakers STH-518335,https://web.archive.org/web/20161123022544/http:/www.tinydeal.com/50pcs-vtie-elastic-lazy-no-tie-shoelace-fit-all-unisex-sneakers-p-161014.html,$4.86,$6.76 
5pcs High Quality Stainless Steel Wire Circle Key Rings SCH-330480,https://web.archive.org/web/20161123022544/http:/www.tinydeal.com/5pcs-high-quality-stainless-steel-wire-circle-key-rings-p-134377.html,$1.60,$3.53 
"K6000 HD 1080P 2.4"" TFT Vehicle Blackbox DVR Camcorder RCM-519296",https://web.archive.org/web/20161123022544/http:/www.tinydeal.com/k6000-hd-1080p-24-tft-vehicle-blackbox-dvr-camcorder-p-161554.html,$11.83,$15.46 
L18 Умный браслет Кровяное давление Пульс для Android/IOS Телефона E-470781,https://web.archive.org/web/20161123022544/http:/www.tinydeal.com/37°-l18-smart-bracelet-blood-pressure-heart-rate-f-androidios-phone-p-156228.html,$18.87,$19.55 
"LEAGOO SHARK 1 6.0"" FHD MTK6753 64-bit Octa-core Android 5.1 4G Phone P04-SHARK1",https://web.archive.org/web/20161123022544/http:/www.tinydeal.com/leagoo-shark-1-60-fhd-mtk6753-64-bit-octa-core-android-51-4g-phone-p-158553.html,$165.99,$199.99 
OUKITEL K6000 PRO Android 6.0 4G Phone + Flip Cover + Screen Protector KB-515063,https://web.archive.org/web/20161123022544/http:/www.tinydeal.com/oukitel-k6000-pro-android-60-4g-phone-flip-cover-screen-protector-p-159436.html,$158.99,$219.99 
